property_type,property_id,postcode,city,province,address,latitude,longitude,price,property_state,build_year,bedroom_count,livable_surface,total_surface,garage,terrace,energy_consumption_kWh/m2/year,swimming_pool,preschool_distance_m,train_station_distance_m,supermarket_distance_m,nearest_city,nearest_city_distance_km,price_per_m2
apartment,RBW28450,2640,Mortsel,antwerp,Antwerpsestraat 74 2,51.17245,4.446859,149000,,,1,60,,0,0,505,0,796,1000,181,Antwerp,6.07,2483.3333333333
apartment,RBW27533,2300,Turnhout,antwerp,Rubensstraat 3 8,51.31891,4.945468,199000,Normal,1969,2,80,,0,0,435,0,380,960,204,Antwerp,39.36,2487.5
apartment,RBW28460,2640,Mortsel,antwerp,Liersesteenweg 254 1,51.16817,4.473844,199000,To renovate,1973,2,93,,1,1,130,0,352,742,655,Antwerp,7.56,2139.7849462366
apartment,RBW30095,2610,Wilrijk,antwerp,Kruishofstraat 146 8C,51.1821185,4.39143903,166000,Normal,1967,1,65,,0,1,160,0,543,1900,317,Antwerp,4.22,2553.8461538462
apartment,RBW30625,2610,Wilrijk,antwerp,Kruishofstraat 146 4E,51.1821,4.391529,195000,Normal,1967,2,88,,0,1,151,0,609,2000,383,Antwerp,4.22,2215.9090909091
apartment,RBW28463,2640,Mortsel,antwerp,Liersesteenweg 256 1L,51.16816,4.473956,199000,,,3,83,,1,,93,0,345,750,663,Antwerp,7.57,2397.5903614458
apartment,RBW29810,2140,Borgerhout,antwerp,Bleekhofstraat 117 23/5c,51.2118,4.432114,167000,To renovate,1958,2,89,,0,1,167,0,65,1100,126,Antwerp,2.23,1876.404494382
apartment,RBW28462,2640,Mortsel,antwerp,Liersesteenweg 256 GLV,51.16816,4.473956,199000,,,2,73,,1,,353,0,345,750,663,Antwerp,7.57,2726.0273972603
house,RBW27836,2230,Ramsel,antwerp,Maasvelden 14-16,51.02421,4.85425,165000,Normal,,3,77,2638,0,1,877,0,2900,3500,2600,Leuven,19.34,2142.8571428571
apartment,RBW28461,2640,Mortsel,antwerp,Liersesteenweg 254 2,51.16817,4.473844,199000,To renovate,,2,93,,1,1,247,0,352,742,655,Antwerp,7.56,2139.7849462366
apartment,RBW27524,2300,Turnhout,antwerp,Duifhuisstraat 3 4,51.31524,4.949242,179000,To renovate,1979,1,83,,0,1,360,0,330,1600,460,Antwerp,39.5,2156.6265060241
apartment,RBW27346,2180,Ekeren,antwerp,Jozef Ickxstraat 28,51.2811679,4.4496224,179000,Normal,1950,2,63,,0,1,550,0,172,1300,433,Antwerp,7.61,2841.2698412698
apartment,RBW27514,2360,Oud-Turnhout,antwerp,Steenweg op Sevendonk 3 1,51.31697,4.981201,169000,,,1,81,,0,1,371,0,309,3400,518,Antwerp,41.7,2086.4197530864
house,RBW27986,2490,Balen,antwerp,Nieuwendijk,51.17313489,5.21334107,114000,To renovate,1970,1,43,2054,0,1,1180,0,1300,3700,2100,Leuven,48.48,2651.1627906977
apartment,RBW27512,2300,Turnhout,antwerp,Korte Begijnenstraat 8 6,51.32633,4.948936,189000,,1987,2,91,,0,1,273,0,399,1300,398,Antwerp,39.83,2076.9230769231
house,RBW27841,2230,Herselt,antwerp,De Schrieken 49,51.04078,4.900649,195000,Normal,1971,2,125,1782,1,1,655,0,1400,6300,2700,Leuven,22.74,1560.0
apartment,RBW27480,2370,Arendonk,antwerp,Hovestraat 2 5,51.32067,5.092209,139000,Excellent,2013,1,60,,0,0,143,0,561,,188,Antwerp,49.29,2316.6666666667
apartment,RBW27498,2370,Arendonk,antwerp,Hovestraat 2 2,51.32067,5.092209,127000,Normal,2012,1,57,,0,0,113,0,561,,188,Antwerp,49.29,2228.0701754386
apartment,RBW28509,2100,Deurne,antwerp,Wouter Haecklaan 1 39,51.2136,4.458458,189000,Normal,1963,2,97,,0,1,164,0,161,1900,517,Antwerp,3.95,1948.4536082474
house,RBW27494,2275,Gierle,antwerp,Patrijzenpad,51.29323,4.852065,45000,,1986,1,,2607,0,1,,0,3000,6900,5000,Antwerp,32.34,
house,RBW27926,2230,Herselt,antwerp,Achter de Wereld 6K,51.02946,4.856117,60000,To renovate,1981,2,57,,1,0,2161,0,2300,4900,2100,Leuven,19.89,1052.6315789474
apartment,RBW30874,2300,Turnhout,antwerp,Korte Gasthuisstraat 30 7,51.32106,4.94522,168000,,1972,2,117,,1,1,244,0,331,801,33,Antwerp,39.41,1435.8974358974
apartment,RBW29814,2100,Deurne,antwerp,Cogelsplein 26 301,51.21971,4.455211,125000,,,1,45,,0,0,548,0,168,2100,363,Antwerp,3.67,2777.7777777778
apartment,RBW28431,2640,Mortsel,antwerp,Mechelsesteenweg 132 2,51.1672,4.452268,195000,To renovate,1932,2,78,,0,1,357,0,173,760,268,Antwerp,6.76,2500.0
apartment,RBW27982,2440,Geel,antwerp,Patronaatstraat 27 F,51.16306,4.987746,185000,Normal,2008,1,54,,0,1,155,0,91,791,381,Leuven,37.36,3425.9259259259
apartment,RBW27561,2300,Turnhout,antwerp,Merode-Center 2 2,51.32217,4.940546,195000,To renovate,1977,2,95,,1,1,143,0,354,302,228,Antwerp,39.14,2052.6315789474
apartment,RBW30099,2600,Berchem,antwerp,Fruithoflaan 98 19,51.18368,4.43868,179000,To renovate,1961,1,56,,0,1,259,0,418,1100,248,Antwerp,4.7,3196.4285714286
house,RBW27547,2300,Turnhout,antwerp,Korte Veldstraat 1,51.32092,4.953986,189000,To renovate,1930,1,100,55,0,1,779,0,292,1300,488,Antwerp,39.99,1890.0
house,RBW27871,2230,Herselt,antwerp,Kiekuitstraat 2,51.0249212,4.8776533,75000,To renovate,1989,3,83,535,0,1,617,0,1600,3900,3300,Leuven,20.36,903.6144578313
apartment,RBW27457,2170,Merksem,antwerp,Pallieterstraat 3 201,51.24826,4.4313979,189000,Normal,1972,2,78,,0,1,207,0,408,1100,226,Antwerp,3.79,2423.0769230769
apartment,RBW28457,2640,Mortsel,antwerp,Liersesteenweg 254 GLV,51.16817,4.473844,199000,To renovate,1973,1,84,,1,0,335,0,352,742,655,Antwerp,7.56,2369.0476190476
apartment,RBW27357,2220,Heist-op-den-Berg,antwerp,Boudewijnlaan 9,51.07368,4.70985,189000,Normal,1991,2,99,,0,0,220,0,931,132,837,Leuven,21.57,1909.0909090909
house,RBW27537,2300,Turnhout,antwerp,Lodewijk de Koninckstraat 10,51.32241,4.928637,199000,To renovate,1930,3,110,156,0,1,842,0,246,757,642,Antwerp,38.35,1809.0909090909
apartment,RBW27808,2100,Deurne,antwerp,Ruggeveldlaan 503 3V,51.21983,4.480237,199000,To renovate,,3,105,,1,1,264,0,223,3700,362,Antwerp,5.41,1895.2380952381
apartment,RBW27545,2300,Turnhout,antwerp,schorvoortstraat 6 2,51.30746,4.950501,187000,To renovate,1964,2,72,,0,0,163,0,98,2400,628,Antwerp,39.37,2597.2222222222
apartment,RBW27468,2100,Deurne,antwerp,Hendrik Van Uffelslaan 10-12 301,51.2110584,4.4599473,189000,Normal,1968,2,96,,0,1,466,0,264,1900,153,Antwerp,4.11,1968.75
house,RBW27041,2200,Morkhoven,antwerp,Berteneinde 19,51.10773,4.809844,85000,To renovate,1987,2,116,832,1,1,804,0,2100,9000,2700,Leuven,26.47,732.7586206897
apartment,RBW26697,2800,Mechelen,antwerp,Leopoldstraat 80 402,51.01833,4.480841,149000,Normal,1970,,43,,0,0,179,0,692,236,1200,Brussels,21.18,3465.1162790698
apartment,RBW25565,2440,Geel,antwerp,Larum 58b,51.1671798,4.9434776,125000,To renovate,1941,1,46,,0,,492,0,273,3600,3200,Leuven,36.19,2717.3913043478
apartment,RBW27269,2170,Merksem,antwerp,Flamingostraat 17 201,51.25903,4.437035,197000,Normal,1969,2,72,,0,0,866,0,924,1300,404,Antwerp,5.02,2736.1111111111
apartment,RBW27331,2170,Merksem,antwerp,Groenendaallaan 89 7,51.24216,4.43234,194000,To renovate,1977,2,82,,1,1,137,0,568,779,203,Antwerp,3.27,2365.8536585366
apartment,RBW27249,2170,Merksem,antwerp,Van Heybeeckstraat 1 101,51.24662,4.447482,160000,To renovate,,2,103,,0,1,419,0,440,2300,462,Antwerp,4.36,1553.3980582524
house,RBW26779,2850,Boom,antwerp,Kapelstraat 8,51.08669,4.370183,179000,To renovate,,2,110,105,0,1,382,0,105,1300,190,Antwerp,14.93,1627.2727272727
apartment,RBW27311,2170,Merksem,antwerp,Lambrechtshoekenlaan 209 1106,51.25112,4.433446,194000,To renovate,1971,2,90,,0,1,107,0,450,1400,209,Antwerp,4.13,2155.5555555556
house,RBW26210,2060,Antwerp,antwerp,Joannasteeg 6,51.22547,4.43245,185000,To renovate,1875,1,68,37,0,0,457,0,308,1200,1000,Antwerp,2.19,2720.5882352941
apartment,RBW27333,2100,Deurne,antwerp,Van Duyststraat 151 11B,51.23245,4.450105,179000,Normal,1969,2,79,,0,1,231,0,171,2100,1300,Antwerp,3.62,2265.8227848101
apartment,RBW27298,2100,Deurne,antwerp,Alfons Schneiderlaan 167 3V,51.22447,4.473978,189000,Normal,1960,2,80,,0,1,170,0,205,3700,474,Antwerp,5.01,2362.5
apartment,RBW27285,2170,Merksem,antwerp,Bredabaan 874 5,51.2547,4.459072,185000,To renovate,1973,2,100,,1,1,150,0,408,3000,182,Antwerp,5.56,1850.0
apartment,RBW24072,2300,Turnhout,antwerp,Dessauerplein 1,51.32402,4.953304,199000,New,2024,1,64,,1,1,,0,313,1300,285,Antwerp,40.04,3109.375
house,RBW25673,2580,Beerzel,antwerp,Hoogstraat 46,51.0581318,4.6669569,180000,To renovate,,2,101,211,0,0,794,0,311,3800,1700,Leuven,19.97,1782.1782178218
apartment,RBW26751,2850,Boom,antwerp,Henri Spillemaeckersstraat 7 009A,51.08679,4.363149,182000,Normal,1963,2,80,,0,0,226,0,483,828,153,Antwerp,15.0,2275.0
apartment,RBW27286,2170,Merksem,antwerp,Campiniastraat 78 1V,51.2398472,4.43241231,190000,To renovate,,2,80,,1,1,351,0,604,1200,508,Antwerp,3.08,2375.0
apartment,RBW27280,2160,Wommelgem,antwerp,Autolei 83 2V,51.2046475,4.48691085,199000,Normal,1967,2,82,,1,0,271,0,190,4000,74,Antwerp,6.1,2426.8292682927
apartment,RBW27292,2100,Deurne,antwerp,Ter Heydelaan 133 5,51.22704,4.462025,179000,To renovate,1965,2,93,,0,1,159,0,305,3100,717,Antwerp,4.23,1924.7311827957
apartment,RBW27300,2100,Deurne,antwerp,Bisschoppenhoflaan 303 501,51.2335,4.460882,139000,Normal,1966,1,44,,1,1,215,0,347,2800,762,Antwerp,4.36,3159.0909090909
apartment,RBW27080,2100,Deurne,antwerp,Bisschoppenhoflaan 289,51.2336265,4.4598386,165000,,1967,1,66,,0,0,,0,415,2700,829,Antwerp,4.29,2500.0
apartment,RBW24073,2300,Turnhout,antwerp,Dessauerplein 1,51.32402,4.953304,197000,New,2024,1,60,,1,1,,0,313,1300,285,Antwerp,40.04,3283.3333333333
house,RBW24785,2400,Mol,antwerp,Kromstraat 15,51.1994604,5.1315513,179000,To renovate,,3,187,303,1,0,378,0,304,2000,367,Leuven,46.6,957.2192513369
house,RBW24709,2200,Herentals,antwerp,Nederrij 89,51.18345,4.835509,199000,To renovate,1919,2,118,210,0,0,454,0,1000,632,540,Antwerp,30.43,1686.4406779661
house,RBW25669,2580,Beerzel,antwerp,Hoogstraat 135,51.0589585,4.6620299,185000,To renovate,,1,54,233,0,1,841,0,440,4100,1400,Leuven,20.1,3425.9259259259
apartment,RBW24104,2300,Turnhout,antwerp,Dessauerplein 1,51.32402,4.953304,197000,New,2024,1,59,,1,1,,0,313,1300,285,Antwerp,40.04,3338.9830508475
apartment,RBW24103,2300,Turnhout,antwerp,Dessauerplein 1,51.32402,4.953304,197000,New,2024,1,61,,1,1,,0,313,1300,285,Antwerp,40.04,3229.5081967213
apartment,RBW23753,2300,Turnhout,antwerp,Kerkplein 32-34,51.3211021,4.9417634,149000,New,2020,1,62,,0,1,85,0,2,476,313,Antwerp,39.18,2403.2258064516
apartment,RBW24098,2300,Turnhout,antwerp,Dessauerplein 1,51.32402,4.953304,192000,New,2024,1,59,,1,1,,0,313,1300,285,Antwerp,40.04,3254.2372881356
house,RBW24708,2200,Herentals,antwerp,Nederrij 87,51.18343,4.835436,195000,To renovate,1919,3,156,150,0,1,623,0,1000,633,541,Antwerp,30.43,1250.0
apartment,RBW24097,2300,Turnhout,antwerp,Dessauerplein 1,51.32402,4.953304,192000,New,2024,1,61,,1,1,,0,313,1300,285,Antwerp,40.04,3147.5409836066
house,RBW24807,2850,Boom,antwerp,Nielsestraat 192,51.09386,4.353985,159000,,,1,64,46,1,0,250,0,1600,959,1000,Antwerp,14.36,2484.375
apartment,RBW24060,2500,Lier,antwerp,Kapmes 8 2,51.14223,4.551096,198250,New,2022,1,65,,1,1,,0,1200,1200,520,Antwerp,13.45,3050.0
house,RBW25150,2580,Beerzel,antwerp,Hoogstraat 133,51.0590842,4.6621329,179000,To renovate,,2,82,110,0,1,925,0,440,4100,1400,Leuven,20.12,2182.9268292683
apartment,RBW23832,2200,Herentals,antwerp,Herenthoutseweg 85 1C,51.1717,4.832553,193000,Normal,1960,2,95,,1,0,236,0,743,1300,234,Antwerp,30.43,2031.5789473684
apartment,RBW25165,2830,Willebroek,antwerp,Dendermondsesteenweg 129 A,51.0595542,4.3525606,195000,,,,100,,0,0,,0,361,857,93,Antwerp,18.11,1950.0
apartment,RBW23700,2140,Borgerhout,antwerp,Eugeen Joorsstraat 11,51.21156,4.436833,199000,Excellent,,1,65,,0,0,354,0,171,857,361,Antwerp,2.55,3061.5384615385
apartment,RBW19716,2100,Deurne,antwerp,Ter Heydelaan 344 7,51.2297369,4.4737173,199000,,,2,80,,1,1,257,0,392,4000,647,Antwerp,5.09,2487.5
apartment,RBW23897,2020,Antwerp,antwerp,Maurits Sabbelaan 7 201,51.1889075,4.3722556,195000,,1971,3,88,,0,1,579,0,124,1900,429,Antwerp,3.99,2215.9090909091
apartment,RBW18181,2100,Deurne,antwerp,Ergo-de Waellaan 4 201,51.21149,4.455832,195000,To renovate,1960,2,82,,1,1,236,0,344,1500,271,Antwerp,3.82,2378.0487804878
apartment,RBW20351,2018,Antwerp,antwerp,Bexstraat 19 9,51.20931,4.412877,159000,To renovate,1974,1,41,,0,1,217,0,170,1500,387,Antwerp,1.33,3878.0487804878
apartment,RBV93091,2140,Borgerhout,antwerp,Turnhoutsebaan 455 10 C,51.21966,4.45304,175000,To renovate,1973,2,88,,1,1,134,0,321,2000,492,Antwerp,3.52,1988.6363636364
apartment,RBW23836,2200,Herentals,antwerp,Herenthoutseweg 85 1D,51.1717,4.832553,199000,Normal,1960,2,99,,1,0,250,0,743,1300,234,Antwerp,30.43,2010.101010101
apartment,RBW19269,2660,Hoboken,antwerp,Sint-Bernardsesteenweg 629 301,51.1755993,4.3672657,175000,,,2,79,,0,1,377,0,198,2100,98,Antwerp,5.45,2215.1898734177
apartment,RBW23620,2660,Hoboken,antwerp,Meerlenhoflaan 13 2,51.1725,4.355282,198000,New,2021,1,50,,0,1,50,0,150,1400,288,Antwerp,6.17,3960.0
apartment,RBW24611,2600,Berchem,antwerp,De Roest d'Alkemadelaan 5 82,51.1838752,4.4319229,159000,Excellent,1969,1,45,,0,0,205,0,850,1600,281,Antwerp,4.45,3533.3333333333
house,RBV92999,2030,Antwerp,antwerp,Kempisch Dok Oostkaai 33,51.23365,4.416649,175000,Normal,,2,200,,0,0,,0,602,1000,687,Antwerp,1.87,875.0
apartment,RBW18366,2140,Antwerp,antwerp,Berchemlei 75 201,51.2053885,4.4490757,181900,,,2,,,0,1,609,0,57,1200,205,Antwerp,3.6,
apartment,RBV89589,2550,Kontich,antwerp,Koningin Astridlaan 37,51.1288653,4.4539746,165000,Excellent,2012,1,60,,1,1,211,1,1100,2100,677,Antwerp,10.69,2750.0
apartment,RBW18125,2018,Antwerp,antwerp,Appelmansstraat 23 1,51.21654,4.417725,189000,Normal,1986,1,53,,0,1,379,0,368,342,248,Antwerp,1.11,3566.0377358491
apartment,RBW18128,2060,Antwerp,antwerp,Pothoekstraat 35 4,51.22109,4.436394,145000,Normal,1983,1,52,,0,0,371,0,53,1500,778,Antwerp,2.37,2788.4615384615
apartment,RBV92989,2060,Antwerp,antwerp,Greinstraat 53 402,51.22138,4.425168,105000,To renovate,1930,1,27,,0,1,441,0,81,808,454,Antwerp,1.59,3888.8888888889
apartment,RBW19065,2000,Antwerp,antwerp,Leopoldstraat 63 13,51.2133,4.407669,199500,Normal,,1,32,,0,1,196,0,329,1300,201,Antwerp,0.77,6234.375
house,RBV96432,2450,Meerhout,antwerp,Kapellestraat 110,51.12746,5.0843302,175000,To renovate,1954,3,123,270,0,1,1081,0,434,8900,861,Leuven,38.47,1422.7642276423
apartment,RBW23686,2018,Antwerp,antwerp,Helenalei 24A 045,51.20077,4.421228,129000,Normal,1966,1,40,,0,1,131,0,465,958,277,Antwerp,2.45,3225.0
house,RBW18553,2300,Turnhout,antwerp,steenweg op oosthoven 54,51.32978,4.95229,149000,To renovate,1899,3,134,95,0,1,607,0,593,1700,597,Antwerp,40.17,1111.9402985075
apartment,RBW16107,2000,Antwerp,antwerp,Frankrijklei 41/43,51.2166583,4.4149712,187000,Normal,2013,1,32,,0,0,79,0,346,522,88,Antwerp,0.92,5843.75
house,RBV82387,2200,Herentals,antwerp,Fraikinstraat 30,51.18074,4.835107,199000,To renovate,1986,2,216,76,0,1,687,0,607,544,257,Antwerp,30.45,921.2962962963
apartment,RBW24086,2300,Turnhout,antwerp,Dessauerplein 1,51.32402,4.953304,197000,New,2024,1,58,,1,1,,0,313,1300,285,Antwerp,40.04,3396.5517241379
apartment,RBW17367,2850,Boom,antwerp,Voetballersstraat 28,51.0915149,4.3731727,199000,Normal,2005,2,70,,0,1,133,0,713,1200,474,Antwerp,14.37,2842.8571428571
apartment,RBW16998,2018,Antwerp,antwerp,Belgiëlei 94,51.20633,4.418448,135000,Normal,1967,,36,,0,0,505,0,455,1400,62,Antwerp,1.83,3750.0
apartment,RBW16983,2020,Antwerp,antwerp,Boomsesteenweg 329 301,51.18673,4.388391,179000,Normal,,1,42,,0,0,108,0,582,1500,566,Antwerp,3.76,4261.9047619048
apartment,RBW16972,2140,Borgerhout,antwerp,Turnhoutsebaan 209 2,51.2146,4.43688,129000,To renovate,,1,51,,0,0,269,0,249,1200,123,Antwerp,2.45,2529.4117647059
apartment,RBW19254,2845,Niel,antwerp,Vredestraat 44,51.1125773,4.3302691,199000,To renovate,,1,63,,1,0,155,0,565,737,1300,Antwerp,12.9,3158.7301587302
apartment,RBW17369,2850,Boom,antwerp,Voetballersstraat 28,51.0915149,4.3731727,179000,Normal,2005,1,41,,1,1,154,0,713,1200,474,Antwerp,14.37,4365.8536585366
apartment,RBW16978,2100,Deurne,antwerp,Kerkeveldlaan 41,51.23094,4.466009,149000,Normal,1970,1,49,,0,0,250,0,418,3300,456,Antwerp,4.6,3040.8163265306
apartment,RBW10741,2100,Deurne,antwerp,Bisschoppenhoflaan 314 20,51.23282385,4.46079596,179000,To renovate,1973,2,85,,0,1,278,0,340,2800,992,Antwerp,4.33,2105.8823529412
apartment,RBW16963,2000,Antwerp,antwerp,Kipdorp 61,51.22078,4.409723,147500,Normal,,,25,,0,0,178,0,240,1000,426,Antwerp,0.53,5900.0
apartment,RBW16979,2170,Merksem,antwerp,Lambrechtshoekenlaan 211 0604,51.25132,4.433568,189000,Normal,,1,80,,0,1,132,0,474,1400,233,Antwerp,4.16,2362.5
apartment,RBW24081,2300,Turnhout,antwerp,Dessauerplein 1,51.32402,4.953304,192000,New,2024,1,58,,1,1,,0,313,1300,285,Antwerp,40.04,3310.3448275862
apartment,RBW17368,2850,Boom,antwerp,Voetballersstraat 28,51.0915149,4.3731727,189000,Normal,2005,2,70,,1,1,95,0,713,1200,474,Antwerp,14.37,2700.0
apartment,RBW16971,2170,Merksem,antwerp,nieuwdreef 123,51.24867,4.439379,199000,Normal,,2,107,,0,1,233,0,623,1600,641,Antwerp,4.15,1859.8130841121
apartment,RBW16941,2300,Turnhout,antwerp,De Merodelei 247 4,51.3202888,4.9289737,198000,Normal,1968,3,111,,0,1,372,0,255,641,1000,Antwerp,38.31,1783.7837837838
house,RBT61681,2400,Mol,antwerp,Kiezelweg,51.214687,5.189162,129500,,2018,2,65,250,0,,,0,1500,5800,1700,Leuven,50.53,1992.3076923077
apartment,RBW16969,2100,Deurne,antwerp,Frans Baetensstraat 6,51.20897,4.458025,129000,To renovate,,1,43,,0,0,375,0,261,1700,180,Antwerp,4.04,3000.0
apartment,RBW18122,2060,Antwerp,antwerp,Diepestraat 65 201,51.22367,4.424618,150000,To renovate,1899,1,57,,0,0,121,0,253,1000,358,Antwerp,1.61,2631.5789473684
apartment,RBV93109,2060,Antwerp,antwerp,Carnotstraat 152 301,51.21718,4.428904,134500,Normal,,1,47,,0,0,197,0,300,822,78,Antwerp,1.86,2861.7021276596
apartment,RBW19641,2100,Deurne,antwerp,Baron Leroystraat 34 101,51.22572,4.467651,198000,Normal,1960,2,79,,0,1,141,0,30,3600,637,Antwerp,4.59,2506.3291139241
apartment,RBW10883,2060,Antwerp,antwerp,Cassiersstraat 41,51.2273089,4.4175657,195000,,,1,67,,0,0,,0,347,924,224,Antwerp,1.37,2910.447761194
apartment,RBW12167,2060,Antwerp,antwerp,Lange Kongostraat 43,51.2231606,4.439898,169000,,1973,2,90,,0,1,225,0,92,1700,803,Antwerp,2.64,1877.7777777778
apartment,RBW16949,2060,Antwerp,antwerp,Somméstraat 21-23,51.2224868,4.4370753,184500,Normal,,,43,,0,1,82,0,153,1600,676,Antwerp,2.43,4290.6976744186
apartment,RBW16945,2100,Deurne,antwerp,bosuil 27 52,51.22834,4.463064,199900,Normal,1975,3,104,,0,1,181,0,501,3300,614,Antwerp,4.33,1922.1153846154
house,RBW12518,2820,Rijmenam,antwerp,Eertberglei 42,51.0215,4.608975,125000,To renovate,1969,1,55,1058,0,0,1038,0,990,5700,3200,Leuven,17.01,2272.7272727273
apartment,RBW10887,2060,Antwerp,antwerp,Pothoekstraat 178 31,51.2262782,4.4369247,195000,,,1,51,,0,1,156,0,132,1200,238,Antwerp,2.52,3823.5294117647
house,RBW10823,2400,Mol,antwerp,Ginderbroek 15,51.18155,5.107947,150000,To renovate,1930,3,165,179,0,0,667,0,672,1600,759,Leuven,44.02,909.0909090909
apartment,RBW10768,2430,Laakdal,antwerp,Oude Tramlijn 2B 13,51.10488,5.00503,110000,Normal,2012,1,52,,0,1,144,0,919,9000,657,Leuven,32.87,2115.3846153846
apartment,RBW10884,2060,Antwerp,antwerp,Greinstraat 53,51.2213906,4.425165,166500,,1966,2,54,,0,0,,0,81,807,454,Antwerp,1.59,3083.3333333333
apartment,RBW09871,2600,Berchem,antwerp,Coveliersstraat 6 2.10,51.19894,4.416825,169000,Normal,2019,1,37,,0,1,70,0,258,1300,45,Antwerp,2.48,4567.5675675676
house,RBW11023,2900,Schoten,antwerp,Brechtsebaan 249/2,51.272373,4.5196054,195000,,1936,2,65,269,0,1,1685,0,2000,7800,1500,Antwerp,10.06,3000.0
house,RBV09576,2400,Mol,antwerp,Kiezelweg 17 - 549,51.211041,5.1716104,159500,,2024,2,,,0,1,,0,3200,5200,3100,Leuven,49.41,
house,RBW10824,2400,Mol,antwerp,Ginderbroek 17,51.18151,5.107892,150000,To renovate,1930,2,110,115,0,1,615,0,676,1600,754,Leuven,44.01,1363.6363636364
apartment,RBW16280,2100,Deurne,antwerp,Jan van Parijsstraat 18,51.23279,4.460412,185000,Normal,,2,79,,0,0,526,0,367,2800,1000,Antwerp,4.3,2341.7721518987
apartment,RBV95298,2800,Mechelen,antwerp,Zwartzustersvest 29 001,51.0311902,4.4863083,199500,,1973,1,52,,1,0,271,0,454,418,338,Antwerp,21.73,3836.5384615385
apartment,RBV94037,2200,Herentals,antwerp,Nonnenstraat 27 A,51.1759,4.838949,169000,To renovate,1959,2,67,,1,0,1083,0,77,1100,255,Antwerp,30.79,2522.3880597015
apartment,RBW16956,2100,Deurne,antwerp,Lakborslei 491 102,51.23214,4.45658,169000,Normal,1934,2,74,,0,0,156,0,421,2500,925,Antwerp,4.02,2283.7837837838
house,RBW03374,2275,Wechelderzande,antwerp,Dokter Karel Van Noppenstraat 21,51.2625832,4.8075554,95000,To renovate,1975,3,80,1712,0,0,1332,0,2100,9600,1600,Antwerp,28.6,1187.5
apartment,RBW10737,2100,Deurne,antwerp,Maria de Heeltstraat 3 GLV,51.23214,4.463617,185000,To renovate,1960,1,72,,0,1,302,0,113,3100,711,Antwerp,4.49,2569.4444444444
house,RBW01515,2200,Herentals,antwerp,Koulaak 33,51.18767,4.844941,199000,To renovate,1950,3,174,381,1,1,541,0,350,1700,596,Antwerp,31.03,1143.6781609195
apartment,RBV96460,2100,Deurne,antwerp,Wouter Haecklaan 2 4b,51.21344,4.458588,179000,To renovate,1963,2,108,,1,1,172,0,141,1900,497,Antwerp,3.96,1657.4074074074
apartment,RBW08919,2280,Grobbendonk,antwerp,Herentalse steenweg 57 2.07,51.17655,4.76566,149000,Normal,2013,1,45,,1,0,136,0,1900,5600,1900,Antwerp,25.75,3311.1111111111
house,RBW03905,2560,Nijlen,antwerp,Molenstraat 71,51.1619177,4.658439,129000,To renovate,,1,56,169,1,0,684,0,921,703,794,Antwerp,18.95,2303.5714285714
house,RBV94698,2500,Lier,antwerp,Berlaarsesteenweg 27,51.12877,4.5844,180000,Normal,2003,1,61,85,0,1,388,0,280,2100,532,Antwerp,16.2,2950.8196721311
apartment,RBW01631,2060,Antwerp,antwerp,Ellermanstraat 61 212,51.23025,4.417023,139000,Normal,,1,30,,1,1,128,0,403,801,291,Antwerp,1.57,4633.3333333333
apartment,RBW09772,2650,Edegem,antwerp,Ernest Jouretlaan 2 02VA,51.14914,4.452381,199000,Normal,,1,66,,0,1,263,0,649,1400,342,Antwerp,8.55,3015.1515151515
apartment,RBW02316,2140,Antwerp,antwerp,Berchemlei 85 202,51.2054658,4.4487052,169700,To renovate,,1,63,,0,1,359,0,30,1200,233,Antwerp,3.57,2693.6507936508
apartment,RBW01566,2600,Berchem,antwerp,Coremansstraat 1 2F,51.1900747,4.4223789,165000,To renovate,1977,1,57,,0,1,148,0,532,1600,705,Antwerp,3.54,2894.7368421053
house,RBV94175,2310,Rijkevorsel,antwerp,Molenstraat 23,51.351504,4.7580195,199000,,,3,107,203,1,1,532,0,272,10200,432,Antwerp,28.76,1859.8130841121
apartment,RBV96459,2100,Deurne,antwerp,Wouter Haecklaan 2 4a,51.21344,4.458588,199000,To renovate,1963,3,119,,1,1,189,0,141,1900,497,Antwerp,3.96,1672.268907563
apartment,RBV95708,2600,Berchem,antwerp,Potvlietlaan 10 19,51.2044135,4.442688,199000,,1970,2,68,,0,1,171,0,790,1100,455,Antwerp,3.26,2926.4705882353
apartment,RBW01809,2200,Herentals,antwerp,Glasstraat 27,51.176,4.821607,175000,To renovate,1972,3,98,,1,0,241,0,1400,1000,1200,Antwerp,29.6,1785.7142857143
apartment,RBW08894,2660,Hoboken,antwerp,Sint-Bernardsesteenweg 736 201,51.18015,4.370063,149000,To renovate,1919,1,62,,0,0,461,0,556,2100,462,Antwerp,4.91,2403.2258064516
house,RBV97368,2580,Putte,antwerp,Hoogstraat 1,51.05793807,4.66743152,169000,To renovate,1945,2,115,70,0,0,587,0,345,3700,1800,Leuven,19.94,1469.5652173913
apartment,RBV93111,2060,Antwerp,antwerp,Van Stralenstraat 19 14,51.22202,4.419127,149000,Normal,1954,,44,,0,1,140,0,101,690,385,Antwerp,1.19,3386.3636363636
house,RBV94109,2200,Herentals,antwerp,Markgravenstraat 45,51.17837,4.825817,189000,To renovate,1918,3,122,260,0,0,1177,0,1000,531,650,Antwerp,29.85,1549.1803278689
apartment,RBV93073,2000,Antwerp,antwerp,Italiëlei 227-233 S6,51.2207503,4.41715577,149000,Normal,1968,1,26,,0,1,197,0,324,663,305,Antwerp,1.03,5730.7692307692
apartment,RBV90331,2360,Oud-Turnhout,antwerp,Steenweg op Turnhout 39 2,51.31924,4.977851,190000,,1986,2,113,,1,1,206,0,518,3000,108,Antwerp,41.54,1681.4159292035
apartment,RBV93177,2280,Grobbendonk,antwerp,Herentalse steenweg 59 2.1 001,51.17709,4.766642,168000,Excellent,2015,1,51,,1,0,104,0,2000,5600,2000,Antwerp,25.81,3294.1176470588
apartment,RBV89499,2140,Borgerhout,antwerp,Appelstraat 4A 001,51.21349,4.440726,139000,Normal,1934,2,65,,0,0,283,0,321,993,364,Antwerp,2.74,2138.4615384615
apartment,RBV90329,2360,Oud-Turnhout,antwerp,Steenweg op Turnhout 39 8,51.31924,4.977851,125000,To renovate,1986,2,61,,1,0,202,0,518,3000,108,Antwerp,41.54,2049.1803278689
apartment,RBV93176,2280,Grobbendonk,antwerp,Herentalsesteenweg 59 008,51.17709,4.766642,199000,New,2013,1,54,,1,0,149,0,2000,5600,2000,Antwerp,25.81,3685.1851851852
apartment,RBV93312,2300,Turnhout,antwerp,de Merodelei 95 14,51.32144,4.937825,189000,Normal,1986,3,122,,0,1,380,0,395,95,21,Antwerp,38.93,1549.1803278689
apartment,RBV90202,2100,Deurne,antwerp,Wouter Haecklaan 6 601,51.21206,4.45987,194500,Normal,1967,2,80,,1,1,258,0,125,2000,322,Antwerp,4.08,2431.25
apartment,RBV93131,2018,Antwerp,antwerp,Helenalei 24A 011,51.20077,4.421228,129000,To renovate,1966,1,36,,0,1,270,0,465,958,277,Antwerp,2.45,3583.3333333333
apartment,RBV90330,2360,Oud-Turnhout,antwerp,Steenweg op Turnhout 39 3,51.31924,4.977851,190000,,1986,2,113,,1,1,145,0,518,3000,108,Antwerp,41.54,1681.4159292035
apartment,RWC42533,2850,Boom,antwerp,Antwerpsestraat 91 B2,51.089325,4.3648687,183000,Normal,,2,81,,0,1,222,0,511,834,213,Antwerp,14.7,2259.2592592593
apartment,RWC42295,2070,Burcht,antwerp,pastoor coplaan 210,51.2040042,4.3413445,161000,Normal,,2,60,,0,1,185,0,222,1400,145,Antwerp,4.59,2683.3333333333
apartment,RBV93081,2140,Borgerhout,antwerp,Sergeyselsstraat 45 5,51.21196,4.433405,149000,Normal,1920,1,57,,0,0,999,0,186,1000,121,Antwerp,2.31,2614.0350877193
apartment,RBV93126,2060,Antwerp,antwerp,Van Maerlantstraat 68 3,51.22196,4.417944,179000,Normal,,1,40,,0,0,444,0,113,768,405,Antwerp,1.11,4475.0
apartment,RBV93074,2000,Antwerp,antwerp,Italiëlei 227-233 S14,51.2207503,4.41715577,175000,Normal,1971,1,35,,0,1,165,0,324,663,305,Antwerp,1.03,5000.0
apartment,RBV94025,2200,Herentals,antwerp,De Zaatweg 6 11,51.18217,4.829412,139000,To renovate,2003,1,41,,0,0,394,0,1000,175,313,Antwerp,30.03,3390.243902439
apartment,RBV92986,2060,Antwerp,antwerp,Lange Beeldekensstraat 193 V3,51.22146,4.43004,180000,Normal,,2,75,,0,1,578,0,249,1000,560,Antwerp,1.93,2400.0
apartment,RBV89284,2440,Geel,antwerp,Valkenborch 16 c,51.1649634,4.9754839,195000,,2006,1,56,,1,1,165,0,896,1300,1400,Leuven,37.09,3482.1428571429
apartment,RBV81069,2170,Merksem,antwerp,Minister Delbekelaan 3,51.2399966,4.4384838,185000,Normal,1945,2,90,,0,1,252,0,423,1300,486,Antwerp,3.39,2055.5555555556
house,RBV93236,2500,Lier,antwerp,Lindenstraat 68,51.12929,4.58071,175000,To renovate,1918,3,104,43,0,0,457,0,586,1800,592,Antwerp,15.96,1682.6923076923
apartment,RBV87274,2050,Antwerp,antwerp,August Vermeylenlaan 5,51.2319696,4.3792114,189000,,1973,2,82,,0,1,181,0,582,2800,644,Antwerp,2.14,2304.8780487805
apartment,RBV87213,2300,Turnhout,antwerp,Duifhuisstraat 24 7,51.31552,4.947775,160000,,1971,2,94,,1,0,96,0,231,1500,560,Antwerp,39.41,1702.1276595745
apartment,RBV88849,2100,Deurne,antwerp,Leeuwlantstraat 105 1,51.22351,4.465847,199000,Normal,1935,1,70,,0,1,253,0,394,3100,707,Antwerp,4.44,2842.8571428571
house,RBV88028,2490,Balen,antwerp,Heerbaan ZN,51.1789016,5.2292227,129000,Normal,2012,2,50,2202,0,1,1715,0,1300,4900,1100,Leuven,49.73,2580.0
apartment,RWC42490,2060,Antwerp,antwerp,Ellermanstraat 61 217,51.230252,4.4170226,145000,Excellent,2014,1,32,,0,1,165,0,403,801,291,Antwerp,1.57,4531.25
apartment,RBV86199,2140,Borgerhout,antwerp,Blijde-Inkomststraat 1 14,51.2138212,4.4385716,160000,To renovate,1959,1,59,,0,0,214,0,90,1100,180,Antwerp,2.59,2711.8644067797
apartment,RBV83176,2440,Geel,antwerp,Rijn 54 K,51.1631221,5.0043074,169000,Normal,2007,1,69,,0,1,262,0,185,1500,1100,Leuven,38.0,2449.2753623188
apartment,RBV82234,2060,Antwerp,antwerp,Rotterdamstraat 80,51.222092,4.4203617,150000,Normal,,1,43,,0,0,186,0,199,624,281,Antwerp,1.28,3488.3720930233
apartment,RBV88174,2140,Antwerp,antwerp,Morckhovenlei 39,51.2116383,4.4546374,199000,Normal,1962,2,90,,1,1,352,0,359,1400,311,Antwerp,3.73,2211.1111111111
house,RWC42527,2280,Grobbendonk,antwerp,Quinten Matsyslaan 14,51.192427,4.735339,169000,To renovate,1900,3,87,375,0,0,,0,75,3400,351,Antwerp,23.38,1942.5287356322
apartment,RBV86032,2170,Merksem,antwerp,Leiebos 21 1,51.2561775,4.4595006,165000,Excellent,,1,63,,0,0,300,0,318,3100,724,Antwerp,5.7,2619.0476190476
apartment,RBV81072,2640,Mortsel,antwerp,Sint-Annalei 26,51.1746316,4.4381063,179000,Excellent,1930,1,59,,0,0,275,0,508,1400,808,Antwerp,5.56,3033.8983050847
house,RBV86895,2400,Mol,antwerp,Kiezelweg 17 245,51.20982,5.172112,120000,,2018,3,,350,0,1,,0,3000,5000,2800,Leuven,49.33,
apartment,RBV82235,2060,Antwerp,antwerp,Rotterdamstraat 80 2,51.222092,4.4203617,179000,Fully renovated,,1,56,,0,1,182,0,199,624,281,Antwerp,1.28,3196.4285714286
apartment,RBV82233,2060,Antwerp,antwerp,Rotterdamstraat 80,51.222092,4.4203617,154000,Normal,,1,49,,0,0,377,0,199,624,281,Antwerp,1.28,3142.8571428571
apartment,RBV85012,2180,Ekeren,antwerp,Kouter 17 2,51.28613,4.414459,199000,To renovate,1973,2,80,,1,1,562,0,498,1800,333,Antwerp,7.47,2487.5
apartment,RBV88850,2100,Deurne,antwerp,Leeuwlantstraat 105 2,51.22351,4.465847,179000,Normal,,2,66,,0,0,179,0,394,3100,707,Antwerp,4.44,2712.1212121212
house,RBV84666,2830,Willebroek,antwerp,Vooruitgangsstraat 95,51.0568,4.359516,149000,,,2,88,98,0,0,479,0,580,1400,849,Antwerp,18.33,1693.1818181818
apartment,RBV82232,2060,Antwerp,antwerp,Rotterdamstraat 80,51.222092,4.4203617,164000,Normal,,1,49,,0,1,383,0,199,624,281,Antwerp,1.28,3346.9387755102
apartment,RBV75259,2000,Antwerp,antwerp,Stijfselrui 16 4,51.2255912,4.4106644,197000,Fully renovated,1936,1,40,,0,0,277,0,539,1500,143,Antwerp,0.89,4925.0
apartment,RBV81036,2830,Willebroek,antwerp,Overwinningsstraat 50 302,51.05864,4.359385,159000,Normal,1996,1,45,,0,1,344,0,583,1100,397,Antwerp,18.13,3533.3333333333
apartment,RBV72397,2050,Antwerp,antwerp,August Vermeylenlaan 1,51.2331786,4.3788635,199000,,1968,2,84,,0,1,161,0,698,2900,760,Antwerp,2.25,2369.0476190476
apartment,RBV69582,2860,Sint-Katelijne-Waver,antwerp,Markt 20 2L,51.07024,4.531277,169000,Normal,1968,1,65,,0,1,482,0,170,2500,522,Antwerp,18.86,2600.0
apartment,RBV73482,2170,Merksem,antwerp,Lambrechtshoekenlaan 209 B1,51.2511062,4.4334792,197000,Normal,1971,2,88,,1,1,147,0,449,1400,209,Antwerp,4.13,2238.6363636364
apartment,RBV65667,2140,Borgerhout,antwerp,Turnhoutsebaan 457 4E,51.21986,4.453207,139000,Normal,1978,1,55,,0,1,135,0,278,2000,453,Antwerp,3.53,2527.2727272727
apartment,RBV78046,2610,Wilrijk,antwerp,Rooiboslaan 97,51.17714,4.381669,179900,Normal,1972,1,50,,0,1,613,0,463,2800,473,Antwerp,4.92,3598.0
apartment,RBV62045,2060,Antwerp,antwerp,Carnotstraat 65 C10,51.2184167,4.424929,95000,To renovate,1966,,40,,0,1,190,0,353,526,246,Antwerp,1.57,2375.0
apartment,RBV39562,2060,Antwerp,antwerp,Carnotstraat 65 A6,51.21842,4.424929,97000,Normal,1970,1,34,,0,0,135,0,353,526,246,Antwerp,1.57,2852.9411764706
apartment,RBV81061,2830,Willebroek,antwerp,Mechelsesteenweg 84A,51.0583259,4.3671457,190000,Normal,1968,2,93,,0,1,238,0,283,1400,638,Antwerp,18.08,2043.0107526882
apartment,RBV80136,2600,Berchem,antwerp,De Roest d'Alkemadelaan 13 3,51.1822551,4.4324592,189000,Fully renovated,1964,1,47,,0,1,118,0,727,1600,479,Antwerp,4.63,4021.2765957447
apartment,RWC42404,2170,Merksem,antwerp,Leiebos 31,51.2569089,4.4576363,155000,Fully renovated,1978,1,46,,0,1,,0,428,3200,570,Antwerp,5.67,3369.5652173913
apartment,RBV74540,2600,Berchem,antwerp,Velodroomstraat 15 401,51.2037885,4.435215,129000,To renovate,1968,1,27,,0,1,384,0,397,506,510,Antwerp,2.86,4777.7777777778
apartment,RBV48849,2500,Lier,antwerp,Mechelsesteenweg 44 2,51.12943,4.559064,199000,To renovate,1976,2,92,,1,1,253,0,653,1200,377,Antwerp,14.81,2163.0434782609
apartment,RBV69503,2060,Antwerp,antwerp,Carnotstraat 27 46,51.21893,4.422822,109500,Normal,,1,33,,0,0,142,0,308,374,172,Antwerp,1.42,3318.1818181818
apartment,RBV81038,2800,Mechelen,antwerp,Brusselsesteenweg 11 03,51.02011,4.472814,125000,To renovate,,,52,,0,0,388,0,298,1000,258,Brussels,21.12,2403.8461538462
apartment,RBV69486,2650,Edegem,antwerp,Ullensstraat 51,51.1716882,4.432143,169000,To renovate,1967,2,69,,0,0,522,0,742,2100,808,Antwerp,5.69,2449.2753623188
house,RBV65199,2490,Balen,antwerp,Deliestraat 78,51.1762,5.169894,159000,To renovate,1942,2,100,365,1,0,733,0,764,1100,1300,Leuven,46.52,1590.0
house,RBV62322,2850,Boom,antwerp,Hoek 54,51.0839092,4.3743379,174000,,,2,80,,1,0,1576,0,505,1600,551,Antwerp,15.19,2175.0
apartment,RBV78858,2018,Antwerp,antwerp,Belgiëlei 94 503,51.2064982,4.4181782,149000,Normal,1968,1,33,,0,,232,0,405,1400,63,Antwerp,1.8,4515.1515151515
house,RBV76244,2400,Mol,antwerp,Kiezelweg 17 T239,51.211041,5.1716104,42500,,,2,40,180,1,1,,0,3200,5200,3100,Leuven,49.41,1062.5
apartment,RBV78252,2020,Antwerp,antwerp,De Bosschaertstraat 60 C8,51.18845,4.379171,159000,To renovate,1930,2,70,,0,1,265,0,170,1500,332,Antwerp,3.81,2271.4285714286
house,RBV67255,2200,Herentals,antwerp,Kapucijnenstraat 12,51.1798,4.830019,199000,To renovate,1918,4,219,225,0,0,305,0,868,296,304,Antwerp,30.11,908.6757990868
apartment,RBV54535,2170,Merksem,antwerp,Dokter Maurice Timmermanslaan 47 101,51.249,4.450568,169000,To renovate,1953,2,70,,1,1,197,0,383,2700,509,Antwerp,4.69,2414.2857142857
apartment,RBV55696,2880,Bornem,antwerp,Sint-Amandsesteenweg 107 305,51.0905467,4.2287507,165000,Normal,2018,1,69,,1,1,,0,554,1500,103,Antwerp,18.77,2391.3043478261
house,RBV71923,2100,Deurne,antwerp,Te Couwelaarlei 93,51.22373,4.458049,185000,To renovate,1931,1,78,73,0,1,573,0,257,2800,189,Antwerp,3.9,2371.7948717949
house,RBV09592,2400,Mol,antwerp,Kiezelweg 17 - 586,51.211041,5.1716104,172500,,,2,,,0,1,,0,3200,5200,3100,Leuven,49.41,
apartment,RBV49591,2100,Deurne,antwerp,Bosuil 27 8,51.2283484,4.4630625,199000,Normal,1975,3,85,,0,1,217,0,501,3300,614,Antwerp,4.33,2341.1764705882
apartment,RBV46412,2440,Geel,antwerp,Waaiburg 81,51.1586,4.984741,195000,To renovate,1978,3,103,,1,0,347,0,382,1400,563,Leuven,36.83,1893.2038834951
house,RBV65177,2400,Mol,antwerp,Kiezelweg 17 255,51.20982,5.172112,155000,Normal,2018,3,68,,0,1,,1,3000,5000,2800,Leuven,49.33,2279.4117647059
apartment,RBV49775,2000,Antwerp,antwerp,Italiëlei 227-229 408,51.22187326,4.41613528,139000,Normal,1968,1,26,,0,1,184,0,339,919,277,Antwerp,0.99,5346.1538461538
apartment,RBV07771,2300,Turnhout,antwerp,Molenstraat 56 2,51.3215184,4.9395112,179000,To renovate,1964,2,80,,1,1,166,0,220,254,180,Antwerp,39.05,2237.5
house,RBV37805,2400,Mol,antwerp,,51.191087,5.1170647,165000,,,3,70,200,0,1,,0,287,350,125,Leuven,45.24,2357.1428571429
house,RBV09581,2400,Mol,antwerp,Kiezelweg 17 - 564,51.211041,5.1716104,184900,,,2,,,0,1,,0,3200,5200,3100,Leuven,49.41,
apartment,RBV41060,2600,Berchem,antwerp,Pieter Jozef Nauwelaertsstraat 33 9,51.19737,4.439352,169000,To renovate,,2,66,,0,1,281,0,541,966,474,Antwerp,3.55,2560.6060606061
apartment,RBV38025,2490,Balen,antwerp,Alfons Dierckxstraat 9 2,51.17058,5.164598,159000,Normal,,1,85,,0,1,593,0,369,182,665,Leuven,45.81,1870.5882352941
apartment,RBV49601,2610,Wilrijk,antwerp,Oosterveldlaan 33,51.1756588,4.4184124,155000,To renovate,1971,1,49,,0,0,359,0,511,2700,461,Antwerp,4.99,3163.2653061224
apartment,RBU25537,2610,Wilrijk,antwerp,Scheidingstraat 5 101,51.1822055,4.3763071,181000,Fully renovated,1954,1,55,,0,1,120,0,619,2400,536,Antwerp,4.52,3290.9090909091
house,RBV43277,2200,Herentals,antwerp,Sint-Jobsstraat 193,51.181321,4.85443333,189000,To renovate,1939,3,147,385,0,1,833,0,1200,2000,1500,Antwerp,31.77,1285.7142857143
house,RBV09595,2400,Mol,antwerp,Kiezelweg 17 - 595,51.211041,5.1716104,189500,,,2,,,0,,,0,3200,5200,3100,Leuven,49.41,
apartment,RBV47883,2060,Antwerp,antwerp,Dambruggestraat 68 3,51.22065,4.423157,105000,Normal,1940,1,22,,0,0,422,0,304,634,280,Antwerp,1.45,4772.7272727273
house,RBV09582,2400,Mol,antwerp,Kiezelweg 17 - 565,51.211041,5.1716104,179000,,,3,,,0,1,,0,3200,5200,3100,Leuven,49.41,
apartment,RBV09598,2400,Mol,antwerp,Kiezelweg 17 - 104,51.211041,5.1716104,139900,,,2,,,0,1,,0,3200,5200,3100,Leuven,49.41,
apartment,RBV62572,2100,Deurne,antwerp,Arendshoflaan 24 2,51.22229,4.487236,189000,To renovate,1964,2,89,,1,1,245,0,235,4400,752,Antwerp,5.91,2123.595505618
house,RBV09597,2400,Mol,antwerp,Kiezelweg 17 - 597,51.211041,5.1716104,149500,,2024,2,,,1,,,0,3200,5200,3100,Leuven,49.41,
house,RBV09593,2400,Mol,antwerp,Kiezelweg 17 - 591,51.211041,5.1716104,172500,,,2,,,0,1,,0,3200,5200,3100,Leuven,49.41,
house,RBV09594,2400,Mol,antwerp,Kiezelweg 17 - 594,51.211041,5.1716104,189500,,,2,,,1,,,0,3200,5200,3100,Leuven,49.41,
apartment,RBV23906,2850,Boom,antwerp,Henri Spillemaeckersstraat 7 2B,51.08679,4.363149,179000,Normal,1963,2,85,,0,0,149,0,483,828,153,Antwerp,15.0,2105.8823529412
apartment,RBV62661,2050,Antwerp,antwerp,August Vermeylenlaan 21,51.2296884,4.3791973,199000,,,2,84,,1,1,164,0,578,3800,735,Antwerp,1.99,2369.0476190476
house,RBV09591,2400,Mol,antwerp,Kiezelweg 17 - 584,51.211041,5.1716104,172500,,,2,,,0,1,,0,3200,5200,3100,Leuven,49.41,
house,RBV09585,2400,Mol,antwerp,Kiezelweg 17 - 570,51.211041,5.1716104,172500,,,2,,,0,1,,0,3200,5200,3100,Leuven,49.41,
apartment,RBV17258,2060,Antwerp,antwerp,Van Kerckhovenstraat 68 201,51.22591,4.42492,174999,Normal,1956,2,59,,0,1,327,0,337,778,413,Antwerp,1.72,2966.0847457627
house,RBV23355,2960,Sint-Lenaarts,antwerp,Heiken 21,51.34798,4.669885,199000,To renovate,1950,2,112,281,1,1,629,0,520,3400,190,Antwerp,23.46,1776.7857142857
apartment,RBV17257,2060,Antwerp,antwerp,Van Kerckhovenstraat 68 101,51.22591,4.42492,174999,Normal,1956,2,59,,0,1,327,0,337,778,413,Antwerp,1.72,2966.0847457627
apartment,RBV28156,2018,Antwerp,antwerp,Van Eycklei 39 A2,51.2098772,4.4163301,182000,,1968,1,52,,0,1,264,0,347,1200,514,Antwerp,1.43,3500.0
house,RBV09596,2400,Mol,antwerp,Kiezelweg 17 - 596,51.211041,5.1716104,189500,,,2,,,1,,,0,3200,5200,3100,Leuven,49.41,
apartment,RBV34433,2180,Ekeren,antwerp,Gebroeders Leemansstraat 13,51.28337,4.413642,149900,Normal,,1,67,,0,0,393,0,346,1900,294,Antwerp,7.16,2237.3134328358
house,RBV17271,2845,Niel,antwerp,Kapelstraat 23,51.1057306,4.3282276,190000,,,2,128,120,1,0,460,0,645,1300,459,Antwerp,13.66,1484.375
apartment,RBV28155,2100,Deurne,antwerp,Bisschoppenhoflaan 484,51.2344751,4.4712624,175000,,,2,75,,0,1,151,0,597,3500,141,Antwerp,5.07,2333.3333333333
apartment,RBU84565,2018,Antwerp,antwerp,Plantin en Moretuslei 2 901,51.2102247,4.4187405,190000,,,,43,,0,1,138,0,465,1000,621,Antwerp,1.52,4418.6046511628
house,RBV09575,2400,Mol,antwerp,Kiezelweg 17 - 548,51.211041,5.1716104,189500,,2024,2,,,1,,,0,3200,5200,3100,Leuven,49.41,
house,RBV09577,2400,Mol,antwerp,Kiezelweg 17 - 551,51.211041,5.1716104,179000,,,2,,,0,1,,0,3200,5200,3100,Leuven,49.41,
house,RBV09573,2400,Mol,antwerp,Kiezelweg 17 - 547,51.211041,5.1716104,199000,,2024,2,,,0,1,,0,3200,5200,3100,Leuven,49.41,
apartment,RBU87491,2140,Borgerhout,antwerp,Turnhoutsebaan 457 18E,51.21986,4.453207,179000,Normal,1973,2,84,,1,1,231,0,278,2000,453,Antwerp,3.53,2130.9523809524
house,RBV09574,2400,Mol,antwerp,Kiezelweg 17 - 546,51.211041,5.1716104,189500,,2024,2,,,1,,,0,3200,5200,3100,Leuven,49.41,
apartment,RBU99749,2200,Herentals,antwerp,Stationsstraat 29,51.17996,4.827621,170000,Normal,2009,1,41,,0,1,79,0,1000,237,466,Antwerp,29.94,4146.3414634146
house,RBU85578,2490,Balen,antwerp,Reit 22,51.1646736,5.166249,199000,,,3,285,,1,1,1000,0,1200,560,1200,Leuven,45.44,698.2456140351
house,RBV09578,2400,Mol,antwerp,Kiezelweg 17 - 550,51.211041,5.1716104,189500,,2024,2,,,1,,,0,3200,5200,3100,Leuven,49.41,
apartment,RBU61490,2000,Antwerp,antwerp,Volkstraat 50 4V,51.2107107,4.3952005,199000,,1919,1,56,,0,0,343,0,35,1500,285,Antwerp,1.09,3553.5714285714
house,RBT95836,2400,Mol,antwerp,Kiezelweg 17,51.211041,5.1716104,79900,,2022,3,40,,1,1,,0,3200,5200,3100,Leuven,49.41,1997.5
apartment,RBU73062,2020,Antwerp,antwerp,Kruishofstraat 146,51.1821912,4.3914705,199000,,,3,95,,0,0,0,0,535,1900,309,Antwerp,4.21,2094.7368421053
house,RBV09580,2400,Mol,antwerp,Kiezelweg 17 - 554,51.211041,5.1716104,189500,,2024,2,,,1,,,0,3200,5200,3100,Leuven,49.41,
apartment,RBU48327,2830,Willebroek,antwerp,Louis De Naeyerplein 19 1,51.06106,4.361438,169000,To renovate,1978,1,70,,0,1,289,0,480,833,55,Antwerp,17.84,2414.2857142857
apartment,RBU99069,2520,Ranst,antwerp,Eksterlaan 11 22,51.18703,4.554795,199000,Normal,1995,1,41,,0,1,200,0,642,5800,1100,Antwerp,11.2,4853.6585365854
apartment,RBV06868,2100,Deurne,antwerp,Kerkeveldlaan 41 602,51.2309182,4.4660277,189000,Fully renovated,1970,2,70,,1,1,247,0,419,3300,454,Antwerp,4.61,2700.0
house,RBU87998,2830,Willebroek,antwerp,Appeldonkstraat 165,51.06998,4.354513,179000,To renovate,1930,3,105,188,0,0,281,0,899,702,1300,Antwerp,16.95,1704.7619047619
apartment,RBU25536,2610,Wilrijk,antwerp,Scheidingstraat 5 001,51.1822055,4.3763071,199000,Fully renovated,1954,1,55,,0,1,197,0,619,2400,536,Antwerp,4.52,3618.1818181818
house,RBT39086,2570,Duffel,antwerp,Leopoldstraat 86,51.0971213,4.5044896,175000,,1899,3,88,131,1,,1277,0,448,1200,114,Antwerp,15.34,1988.6363636364
house,RBV09579,2400,Mol,antwerp,Kiezelweg 17 - 552,51.211041,5.1716104,189500,,,2,,,0,,,0,3200,5200,3100,Leuven,49.41,
apartment,RBU83458,2610,Wilrijk,antwerp,Bist 46 A 102,51.1705429,4.3936666,189000,,,1,72,,0,0,104,0,519,3400,1,Antwerp,5.47,2625.0
apartment,RBU95885,2440,Geel,antwerp,Stationsstraat 49,51.1646922,4.9898859,149000,Normal,1968,2,85,,0,1,573,0,418,513,402,Leuven,37.59,1752.9411764706
apartment,RBU60918,2300,Turnhout,antwerp,Duifhuisstraat 24 8,51.31552,4.947775,165000,Normal,1969,2,95,,1,0,226,0,231,1500,560,Antwerp,39.41,1736.8421052632
apartment,RBU25535,2610,Wilrijk,antwerp,Scheidingstraat 5 201,51.1822055,4.3763071,199000,Fully renovated,1954,1,55,,0,1,161,0,619,2400,536,Antwerp,4.52,3618.1818181818
house,RBT59058,2400,Mol,antwerp,,51.191087,5.1170647,189500,,,4,,,0,,,0,287,350,125,Leuven,45.24,
house,RBT59232,2400,Mol,antwerp,,51.191087,5.1170647,159000,,,4,,,0,,,0,287,350,125,Leuven,45.24,
house,RBT25683,2400,Mol,antwerp,Kiezelweg 17 257,51.20982,5.172112,150000,Normal,2018,2,,,0,1,,0,3000,5000,2800,Leuven,49.33,
apartment,RBV08624,2140,Borgerhout,antwerp,Bleekhofstraat 117 8B,51.2118,4.432114,179900,Normal,1968,2,90,,1,1,282,0,65,1100,126,Antwerp,2.23,1998.8888888889
house,RBU24723,2440,Geel,antwerp,,51.164768,4.989791,179000,,2020,3,,420,0,1,,0,421,503,412,Leuven,37.6,
house,RBT59236,2400,Mol,antwerp,,51.191087,5.1170647,149500,,,0,,,1,,,0,287,350,125,Leuven,45.24,
apartment,RBU46144,2050,Antwerp,antwerp,Gloriantlaan 51,51.229162,4.3870018,175000,,1969,1,70,,0,1,192,0,305,3300,247,Antwerp,1.53,2500.0
apartment,RBW25488,2830,Willebroek,antwerp,Stationsstraat 16,51.06322,4.360669,210000,New,2024,1,65,,0,1,,0,272,550,264,Antwerp,17.61,3230.7692307692
house,RBT90244,2230,Herselt,antwerp,,51.05102,4.882259,199000,,1981,2,73,2826,1,1,1000,0,565,7200,184,Leuven,22.9,2726.0273972603
house,RBW26796,2800,Mechelen,antwerp,Bergstraat 13,51.03089,4.484026,249000,To renovate,,2,86,,0,1,385,0,127,621,373,Antwerp,21.72,2895.3488372093
apartment,RWC42042,2100,Deurne,antwerp,Bosuil 83 11H,51.2287397,4.4621404,169000,Normal,1970,2,80,,0,1,166,0,275,3100,808,Antwerp,4.28,2112.5
apartment,RBU55645,2660,Hoboken,antwerp,Weerstandlaan 61 153,51.18639,4.369574,165000,To renovate,,2,76,,0,1,201,0,347,2000,57,Antwerp,4.33,2171.0526315789
apartment,RBW30733,2100,Deurne,antwerp,Eugeen Fahylaan 40 102,51.2318295,4.4822407,248000,,,2,92,,0,1,126,0,427,4600,665,Antwerp,5.72,2695.652173913
apartment,RBW02288,2440,Geel,antwerp,Winkelomseheide 158,51.12839,5.01166,200000,New,2024,2,63,,1,1,,0,106,5100,4500,Leuven,35.19,3174.6031746032
apartment,RBK29872,2140,Borgerhout,antwerp,Turnhoutsebaan 158 301,51.2145679,4.4349291,159000,,1969,2,82,,0,1,521,0,230,1300,145,Antwerp,2.32,1939.0243902439
house,RBW26683,2845,Niel,antwerp,Schuttershofstraat 55,51.10821,4.323799,249000,To renovate,,2,141,125,1,1,756,0,82,1300,727,Antwerp,13.53,1765.9574468085
apartment,RBU60243,2150,Borsbeek,antwerp,Brouwershoek 24 8,51.19749,4.482278,193500,Normal,1979,2,72,,0,1,248,0,701,4200,527,Antwerp,6.07,2687.5
apartment,RBW02289,2440,Geel,antwerp,Winkelomseheide 158,51.12839,5.01166,200000,New,2024,2,64,,1,1,,0,106,5100,4500,Leuven,35.19,3125.0
apartment,RBW30866,2650,Edegem,antwerp,Drie Eikenstraat 280 3,51.15605,4.42745,289000,,,2,112,,0,1,125,0,224,3500,869,Antwerp,7.26,2580.3571428571
apartment,RBW24107,2300,Turnhout,antwerp,Dessauerplein 1,51.32402,4.953304,227000,New,2024,1,68,,1,1,,0,313,1300,285,Antwerp,40.04,3338.2352941176
house,RBW27865,2450,Meerhout,antwerp,Bevrijdingslaan 140,51.12417,5.06316,299000,To renovate,1954,3,174,2940,0,1,977,0,926,8400,57,Leuven,37.18,1718.3908045977
house,RBW30869,2580,Putte,antwerp,Scherpstuklei 1,51.03733,4.577728,249000,To renovate,1960,3,139,1058,0,1,875,0,906,8100,3300,Leuven,19.51,1791.3669064748
apartment,RBW27015,2340,Beerse,antwerp,Gasthuisstraat 26 2,51.32133,4.856328,269000,Normal,1996,2,116,,0,1,173,0,792,6000,272,Antwerp,33.54,2318.9655172414
house,RBW27977,2260,Westerlo,antwerp,August Cannaertsstraat 59,51.0934136,4.83049131,285000,To renovate,1930,3,143,345,0,1,296,0,1300,8700,761,Leuven,25.44,1993.006993007
apartment,RBW18119,2060,Antwerp,antwerp,Osystraat 35 1,51.22123,4.417826,275000,Normal,1974,1,66,,0,0,102,0,74,658,522,Antwerp,1.09,4166.6666666667
house,RBW27541,2360,Oud-Turnhout,antwerp,Kerkstraat 23,51.32008,4.981071,299000,To renovate,1931,3,162,490,0,1,904,0,343,3200,363,Antwerp,41.78,1845.6790123457
apartment,RBW30645,2160,Wommelgem,antwerp,Herentalsebaan 260,51.1985,4.493365,295000,New,2025,1,72,,0,1,,0,808,5000,475,Antwerp,6.74,4097.2222222222
apartment,RBW30870,2070,Burcht,antwerp,Pastoor Coplaan 245 01.02,51.20297,4.342079,295000,Normal,2015,2,86,,0,1,64,0,342,1500,25,Antwerp,4.59,3430.2325581395
